{"cameraMode":{"drawMode":0,"name":"Shaded","section":"Shading Mode"},"sceneLighting":false,"audioPlay":false,"sceneViewState":{"showFog":true,"showMaterialUpdate":false,"showSkybox":true,"showFlares":true,"showImageEffects":true,"showParticleSystems":true},"in2DMode":false,"pivot":{"x":0.7610912322998047,"y":-10.021305084228516,"z":3.7064990997314455},"rotation":{"x":-0.17178019881248475,"y":0.40101101994514468,"z":-0.07683539390563965,"w":-0.8965369462966919},"size":18.105884552001954,"orthographic":false}