{"cameraMode":{"drawMode":0,"name":"Shaded","section":"Shading Mode"},"sceneLighting":true,"audioPlay":false,"sceneViewState":{"showFog":true,"showMaterialUpdate":true,"showSkybox":true,"showFlares":true,"showImageEffects":true,"showParticleSystems":true},"in2DMode":false,"pivot":{"x":1.3544554710388184,"y":-0.7607014775276184,"z":-3.3215174674987795},"rotation":{"x":-0.0381917729973793,"y":-0.35142379999160769,"z":0.014349584467709065,"w":-0.9353339672088623},"size":11.353839874267579,"orthographic":false}