{"cameraMode":{"drawMode":0,"name":"Shaded","section":"Shading Mode"},"sceneLighting":true,"audioPlay":false,"sceneViewState":{"showFog":true,"showMaterialUpdate":true,"showSkybox":true,"showFlares":true,"showImageEffects":true,"showParticleSystems":true},"in2DMode":false,"pivot":{"x":15.300633430480957,"y":-1.372071623802185,"z":7.840051651000977},"rotation":{"x":0.007159343920648098,"y":0.007019874174147844,"z":0.00013347812637221068,"w":0.9999692440032959},"size":12.2443265914917,"orthographic":false}