{"cameraMode":{"drawMode":0,"name":"Shaded","section":"Shading Mode"},"sceneLighting":true,"audioPlay":false,"sceneViewState":{"showFog":true,"showMaterialUpdate":true,"showSkybox":true,"showFlares":true,"showImageEffects":true,"showParticleSystems":true},"in2DMode":false,"pivot":{"x":0.781143069267273,"y":1.9533543586730958,"z":8.680737495422364},"rotation":{"x":-0.019574856385588647,"y":0.15296576917171479,"z":-0.0030320207588374616,"w":-0.9880439043045044},"size":9.365799903869629,"orthographic":false}