{"cameraMode":{"drawMode":0,"name":"Shaded","section":"Shading Mode"},"sceneLighting":true,"audioPlay":false,"sceneViewState":{"showFog":true,"showMaterialUpdate":true,"showSkybox":true,"showFlares":true,"showImageEffects":true,"showParticleSystems":true},"in2DMode":false,"pivot":{"x":-35.65810775756836,"y":-1.8626456260681153,"z":8.195106506347657},"rotation":{"x":-0.018749907612800599,"y":0.6254063844680786,"z":-0.015034699812531472,"w":-0.7799586653709412},"size":28.235353469848634,"orthographic":false}