{"cameraMode":{"drawMode":0,"name":"Shaded","section":"Shading Mode"},"sceneLighting":true,"audioPlay":false,"sceneViewState":{"showFog":true,"showMaterialUpdate":true,"showSkybox":true,"showFlares":true,"showImageEffects":true,"showParticleSystems":true},"in2DMode":false,"pivot":{"x":59.78417205810547,"y":7.416982173919678,"z":17.52187728881836},"rotation":{"x":-0.16888244450092317,"y":0.036062728613615039,"z":-0.006183174904435873,"w":-0.9849624037742615},"size":55.1866340637207,"orthographic":false}