{"cameraMode":{"drawMode":0,"name":"Shaded","section":"Shading Mode"},"sceneLighting":true,"audioPlay":false,"sceneViewState":{"m_AlwaysRefresh":false,"showFog":true,"showSkybox":true,"showFlares":true,"showImageEffects":true,"showParticleSystems":true,"showVisualEffectGraphs":true,"m_FxEnabled":true},"in2DMode":false,"pivot":{"x":-17.302146911621095,"y":43.9669075012207,"z":8.427164077758789},"rotation":{"x":0.06043221801519394,"y":0.15270781517028809,"z":0.009356401860713959,"w":-0.9863790273666382},"size":15.064691543579102,"orthographic":false}